active_frac,amp_mean,amp_p50,amp_p90,amp_p95,amp_p99,amp_p995,amp_p999,amp_std,best_focus_structure_score,best_z_mm,contrast_p995_over_p95,expected_fl_mm,family,focus_structure_score,gray_max_active,gray_max_all,gray_mean_active,gray_mean_all,gray_median_active,gray_min_active,gray_min_all,gray_q01_active,gray_q05_active,gray_q95_active,height_max_um,height_mode,hf_ratio,max_gray_used,min_gray_used,name,speckle_penalty,top_component_area_p50,top_component_area_p90,top_component_count,top_component_max_area,top_large_component_frac,z_mm
0.9999996753246754,0.4486512839794159,0.3502304255962372,0.824884831905365,0.8571428656578064,0.8986175060272217,0.9124423861503601,0.9308755993843079,0.27162328362464905,0.0,1.0,1.1090908727468536,3.0,mla,0.0,130,130,113.49893035679557,113.4988935064935,114.0,1,0,86.0,95.0,128.0,7.647058963775635,direct255,0.047453973442316055,255,0,reference_mla_3mm,0.26363318579064476,1.0,1.0,943,4,0.0,1.0
0.9999996753246754,0.15230204164981842,0.08173077553510666,0.38942307233810425,0.634615421295166,0.8605769276618958,0.8894230723381042,0.9278846383094788,0.1851036548614502,0.0,1.0,1.4608694652618723,3.0,mla,0.0,130,130,113.49893035679557,113.4988935064935,114.0,1,0,86.0,95.0,128.0,7.647058963775635,direct255,0.04883816838264465,255,0,reference_mla_3mm,0.2713231576813592,1.0,1.0,872,3,0.0,2.0
0.9999996753246754,0.04121297225356102,0.021897809579968452,0.0656934306025505,0.10948904603719711,0.42335763573646545,0.6131386756896973,0.8029196858406067,0.07273375242948532,0.0,1.0,6.750000228600898,3.0,mla,0.0,130,130,113.49893035679557,113.4988935064935,114.0,1,0,86.0,95.0,128.0,7.647058963775635,direct255,1.492902159690857,255,0,reference_mla_3mm,1.0,1.0,2.0,843,2,0.0,3.0
0.9999996753246754,0.12443866580724716,0.06880734115839005,0.3027523159980774,0.44495412707328796,0.7201834917068481,0.8165137767791748,0.9311926364898682,0.1414358764886856,0.0,1.0,1.9878049304665628,3.0,mla,0.0,130,130,113.49893035679557,113.4988935064935,114.0,1,0,86.0,95.0,128.0,7.647058963775635,direct255,0.0938318520784378,255,0,reference_mla_3mm,0.5212880671024323,1.0,1.0,897,2,0.0,4.0
0.9999996753246754,0.3187471330165863,0.25471699237823486,0.6273584961891174,0.7075471878051758,0.8113207817077637,0.8443396091461182,0.900943398475647,0.1900448501110077,0.0,1.0,1.3020832592931897,3.0,mla,0.0,130,130,113.49893035679557,113.4988935064935,114.0,1,0,86.0,95.0,128.0,7.647058963775635,direct255,0.08464670181274414,255,0,reference_mla_3mm,0.47025945451524526,1.0,2.0,827,3,0.0,5.0
0.9999996753246754,0.4265036880970001,0.41040462255477905,0.6011560559272766,0.6589595079421997,0.7572254538536072,0.791907548904419,0.8554913401603699,0.1276106834411621,0.0,1.0,1.5348840388109617,3.0,mla,0.0,130,130,113.49893035679557,113.4988935064935,114.0,1,0,86.0,95.0,128.0,7.647058963775635,direct255,4.283976078033447,255,0,reference_mla_3mm,1.0,1.0,1.0,948,4,0.0,8.0
0.9999996753246754,0.3594733774662018,0.34375,0.53125,0.59375,0.7083333730697632,0.75,0.8333333730697632,0.12611211836338043,0.0,1.0,1.625,3.0,mla,0.0,130,130,113.49893035679557,113.4988935064935,114.0,1,0,86.0,95.0,128.0,7.647058963775635,direct255,23.89710235595703,255,0,reference_mla_3mm,1.0,1.0,1.0,955,2,0.0,12.0
0.9999996753246754,0.3050699532032013,0.2871287167072296,0.46039605140686035,0.5198019742965698,0.6287128329277039,0.6732673645019531,0.7623762488365173,0.11453090608119965,0.0,1.0,1.6595746833795748,3.0,mla,0.0,130,130,113.49893035679557,113.4988935064935,114.0,1,0,86.0,95.0,128.0,7.647058963775635,direct255,46.50783157348633,255,0,reference_mla_3mm,1.0,1.0,1.0,889,3,0.0,20.0
0.9999996753246754,0.04974069446325302,0.03614457696676254,0.0602409653365612,0.09638554602861404,0.4397590458393097,0.6265060305595398,0.8373494148254395,0.07206057012081146,0.05793629808570948,3.0,9.799999282658161,3.0,mla,0.0,130,130,113.49893035679557,113.4988935064935,114.0,1,0,86.0,95.0,128.0,7.647058963775635,offset90,2.7765278816223145,130,90,reference_mla_3mm,1.0,1.0,2.0,862,2,0.0,1.0
0.9999996753246754,0.5671334862709045,0.5600000023841858,0.6800000071525574,0.7200000286102295,0.7919999957084656,0.8240000009536743,0.8799999952316284,0.090576171875,0.05793629808570948,3.0,1.6499997206032735,3.0,mla,0.001349502075839741,130,130,113.49893035679557,113.4988935064935,114.0,1,0,86.0,95.0,128.0,7.647058963775635,offset90,1.602257251739502,130,90,reference_mla_3mm,0.9916926272066459,1.0,2.0,718,8,0.008307372793354102,2.0
0.9999996753246754,0.5494101047515869,0.550000011920929,0.6416667103767395,0.6666666865348816,0.7166666984558105,0.7333333492279053,0.7916666865348816,0.07239104062318802,0.05793629808570948,3.0,1.5714284984432971,3.0,mla,0.05793629808570948,130,130,113.49893035679557,113.4988935064935,114.0,1,0,86.0,95.0,128.0,7.647058963775635,offset90,2.0286896228790283,130,90,reference_mla_3mm,0.7798546209761164,1.0,2.0,587,47,0.2201453790238837,3.0
0.9999996753246754,0.502825915813446,0.5040000081062317,0.5840000510215759,0.6000000238418579,0.6480000019073486,0.6640000343322754,0.7120000123977661,0.06512655317783356,0.05793629808570948,3.0,1.6666666666666667,3.0,mla,0.033941828980697,130,130,113.49893035679557,113.4988935064935,114.0,1,0,86.0,95.0,128.0,7.647058963775635,offset90,3.619539976119995,130,90,reference_mla_3mm,0.7912772585669782,1.0,1.0,700,52,0.2087227414330218,4.0
0.9999996753246754,0.5002036690711975,0.5,0.5925925970077515,0.6203703880310059,0.6666666865348816,0.6851851940155029,0.7314814925193787,0.07541016489267349,0.05793629808570948,3.0,1.5384613860993919,3.0,mla,0.01328338557790912,130,130,113.49893035679557,113.4988935064935,114.0,1,0,86.0,95.0,128.0,7.647058963775635,offset90,7.944130897521973,130,90,reference_mla_3mm,0.8982346832814122,1.0,1.0,810,30,0.10176531671858775,5.0
0.9999996753246754,0.5363020896911621,0.5384615063667297,0.6634615659713745,0.692307710647583,0.759615421295166,0.7788461446762085,0.8365384936332703,0.09639463573694229,0.05793629808570948,3.0,1.562499636784315,3.0,mla,0.0019739715258974577,130,130,113.49893035679557,113.4988935064935,114.0,1,0,86.0,95.0,128.0,7.647058963775635,offset90,20.50996971130371,130,90,reference_mla_3mm,0.9813084112149533,1.0,1.0,918,18,0.018691588785046728,8.0
0.9999996753246754,0.519468367099762,0.5148515105247498,0.6534653902053833,0.693069338798523,0.7623762488365173,0.7821782231330872,0.8415841460227966,0.10310039669275284,0.05793629808570948,3.0,1.499999832775864,3.0,mla,0.0015171954205930975,130,130,113.49893035679557,113.4988935064935,114.0,1,0,86.0,95.0,128.0,7.647058963775635,offset90,36.34372329711914,130,90,reference_mla_3mm,0.9854620976116303,1.0,1.0,912,14,0.014537902388369679,12.0
0.9999996753246754,0.5079053640365601,0.5092592835426331,0.6481481790542603,0.694444477558136,0.7685185074806213,0.7962962985038757,0.8611111044883728,0.1101682037115097,0.05793629808570948,3.0,1.5499998068809602,3.0,mla,0.0,130,130,113.49893035679557,113.4988935064935,114.0,1,0,86.0,95.0,128.0,7.647058963775635,offset90,47.555320739746094,130,90,reference_mla_3mm,1.0,1.0,1.0,869,4,0.0,20.0
0.5487012987012987,0.4022636413574219,0.41747573018074036,0.5291262269020081,0.5728155374526978,0.6504854559898376,0.6771844625473022,0.7475728392601013,0.09851706027984619,0.11868535428530186,8.0,1.6718749490391933,,voronoi,0.0037176140241910174,208,208,173.55400828402367,95.22930974025974,176.0,136,0,154.0,157.0,188.0,12.235294342041016,direct255,0.2420242726802826,255,0,reference_voronoi_gray,0.9823468328141225,1.0,3.0,584,9,0.017653167185877467,1.0
0.5487012987012987,0.22680316865444183,0.2536585330963135,0.2975609600543976,0.4439024329185486,0.6439024806022644,0.6878048777580261,0.7658537030220032,0.10783910006284714,0.11868535428530186,8.0,2.2820513302522776,,voronoi,0.0,208,208,173.55400828402367,95.22930974025974,176.0,136,0,154.0,157.0,188.0,12.235294342041016,direct255,0.9625622034072876,255,0,reference_voronoi_gray,1.0,1.0,2.0,663,5,0.0,2.0
0.5487012987012987,0.18135982751846313,0.20000000298023224,0.25238093733787537,0.31904762983322144,0.49047619104385376,0.5619047284126282,0.7095238566398621,0.08299100399017334,0.11868535428530186,8.0,3.039999494314227,,voronoi,0.0,208,208,173.55400828402367,95.22930974025974,176.0,136,0,154.0,157.0,188.0,12.235294342041016,direct255,0.3975682854652405,255,0,reference_voronoi_gray,1.0,2.0,3.0,534,5,0.0,3.0
0.5487012987012987,0.1734425276517868,0.18884120881557465,0.22746782004833221,0.27896997332572937,0.41630902886390686,0.46351930499076843,0.6180257797241211,0.06780019402503967,0.11868535428530186,8.0,3.0476185673692004,,voronoi,0.01342976671473225,208,208,173.55400828402367,95.22930974025974,176.0,136,0,154.0,157.0,188.0,12.235294342041016,direct255,0.5234782695770264,255,0,reference_voronoi_gray,0.9543094496365524,2.0,5.0,356,9,0.04569055036344756,4.0
0.5487012987012987,0.17637097835540771,0.18918919563293457,0.23423422873020172,0.27927929162979126,0.38288289308547974,0.44144144654273987,0.5900900959968567,0.06305551528930664,0.11868535428530186,8.0,2.7999998015165457,,voronoi,0.10393920866451219,208,208,173.55400828402367,95.22930974025974,176.0,136,0,154.0,157.0,188.0,12.235294342041016,direct255,1.1135151386260986,255,0,reference_voronoi_gray,0.7881619937694704,4.0,7.0,273,17,0.2118380062305296,5.0
0.5487012987012987,0.1845044046640396,0.20000000298023224,0.24888889491558075,0.2888889014720917,0.3955555558204651,0.4444444477558136,0.5644444227218628,0.06470970064401627,0.11868535428530186,8.0,2.7499997066334205,,voronoi,0.11868535428530186,208,208,173.55400828402367,95.22930974025974,176.0,136,0,154.0,157.0,188.0,12.235294342041016,direct255,1.3768757581710815,255,0,reference_voronoi_gray,0.7414330218068537,1.0,5.0,408,15,0.2585669781931464,8.0
0.5487012987012987,0.20965078473091125,0.22272726893424988,0.2863636314868927,0.33636364340782166,0.4636363685131073,0.5227272510528564,0.6500000357627869,0.07731157541275024,0.11868535428530186,8.0,2.6399995908737575,,voronoi,0.047578332698102466,208,208,173.55400828402367,95.22930974025974,176.0,136,0,154.0,157.0,188.0,12.235294342041016,direct255,1.3681944608688354,255,0,reference_voronoi_gray,0.8566978193146417,1.0,4.0,474,15,0.14330218068535824,12.0
0.5487012987012987,0.2684773802757263,0.28151261806488037,0.3739495873451233,0.4285714328289032,0.542016863822937,0.5840336680412292,0.6764706373214722,0.09267658740282059,0.11868535428530186,8.0,2.0571432624544657,,voronoi,0.018507942876468137,208,208,173.55400828402367,95.22930974025974,176.0,136,0,154.0,157.0,188.0,12.235294342041016,direct255,2.596395254135132,255,0,reference_voronoi_gray,0.9335410176531672,1.0,4.0,512,11,0.06645898234683281,20.0
0.5487012987012987,0.23683355748653412,0.2594936788082123,0.3164556920528412,0.43670886754989624,0.5822784900665283,0.6202531456947327,0.702531635761261,0.09584932774305344,0.08473630888774895,4.0,2.0357141475744385,,voronoi,0.0,208,208,173.55400828402367,95.22930974025974,176.0,136,0,154.0,157.0,188.0,12.235294342041016,offset90,0.6702162027359009,208,90,reference_voronoi_gray,1.0,1.0,2.0,681,6,0.0,1.0
0.5487012987012987,0.16988836228847504,0.1865285038948059,0.2227979302406311,0.2694300413131714,0.3989637494087219,0.46632125973701477,0.5880829095840454,0.06500350683927536,0.08473630888774895,4.0,3.3750008088538217,,voronoi,0.0019215652022010652,208,208,173.55400828402367,95.22930974025974,176.0,136,0,154.0,157.0,188.0,12.235294342041016,offset90,0.4709000587463379,208,90,reference_voronoi_gray,0.9906542056074766,2.0,3.0,528,9,0.009345794392523364,2.0
0.5487012987012987,0.17597900331020355,0.190476194024086,0.21693122386932373,0.25925925374031067,0.3650793731212616,0.4126984179019928,0.5449735522270203,0.05383288860321045,0.08473630888774895,4.0,3.23076968071382,,voronoi,0.0521377163531415,208,208,173.55400828402367,95.22930974025974,176.0,136,0,154.0,157.0,188.0,12.235294342041016,offset90,1.1800893545150757,208,90,reference_voronoi_gray,0.8463136033229491,1.0,4.0,444,14,0.1536863966770509,3.0
0.5487012987012987,0.17335845530033112,0.18691588938236237,0.21962617337703705,0.25233644247055054,0.34112149477005005,0.3785046935081482,0.4859813153743744,0.05056079104542732,0.08473630888774895,4.0,2.928572063087275,,voronoi,0.08473630888774895,208,208,173.55400828402367,95.22930974025974,176.0,136,0,154.0,157.0,188.0,12.235294342041016,offset90,1.273743748664856,208,90,reference_voronoi_gray,0.7964693665628245,1.0,5.0,430,17,0.2035306334371755,4.0
0.5487012987012987,0.19990834593772888,0.21568627655506134,0.2549019455909729,0.29411762952804565,0.3970588445663452,0.44117647409439087,0.5490195751190186,0.060519687831401825,0.08473630888774895,4.0,2.875000736210679,,voronoi,0.08099478410590744,208,208,173.55400828402367,95.22930974025974,176.0,136,0,154.0,157.0,188.0,12.235294342041016,offset90,1.057806372642517,208,90,reference_voronoi_gray,0.7871235721703012,1.0,4.0,461,18,0.21287642782969884,5.0
0.5487012987012987,0.2650730609893799,0.28272250294685364,0.3403141498565674,0.38743457198143005,0.4921466112136841,0.5445026159286499,0.6623036861419678,0.07561954855918884,0.08473630888774895,4.0,2.49999943077579,,voronoi,0.04732743923939661,208,208,173.55400828402367,95.22930974025974,176.0,136,0,154.0,157.0,188.0,12.235294342041016,offset90,1.8471121788024902,208,90,reference_voronoi_gray,0.8400830737279336,1.0,3.0,585,16,0.15991692627206647,8.0
0.5487012987012987,0.30588147044181824,0.323383092880249,0.3980099558830261,0.447761207818985,0.5522388219833374,0.5970149040222168,0.6890547275543213,0.0855691060423851,0.08473630888774895,4.0,2.199999664545074,,voronoi,0.007403803182038701,208,208,173.55400828402367,95.22930974025974,176.0,136,0,154.0,157.0,188.0,12.235294342041016,offset90,3.0451672077178955,208,90,reference_voronoi_gray,0.9584631360332295,1.0,2.0,655,13,0.04153686396677051,12.0
0.5487012987012987,0.3295747637748718,0.3449999988079071,0.4399999976158142,0.49000000953674316,0.5949999690055847,0.6349999904632568,0.7200000286102295,0.0962425023317337,0.08473630888774895,4.0,1.9999997944667574,,voronoi,0.00550991994671813,208,208,173.55400828402367,95.22930974025974,176.0,136,0,154.0,157.0,188.0,12.235294342041016,offset90,3.800412178039551,208,90,reference_voronoi_gray,0.9698857736240913,1.0,2.2000000000000455,679,11,0.030114226375908618,20.0
0.5487012987012987,0.36028966307640076,0.375,0.5,0.5480769276618958,0.6153846383094788,0.639423131942749,0.697115421295166,0.09654322266578674,0.04902784697912525,8.0,1.5277780551969196,,turing,0.007558156461990856,198,198,169.82036804733727,93.18065649350649,171.0,135,0,151.0,155.0,180.0,11.647059440612793,direct255,0.25118497014045715,255,0,reference_turing_gray,0.9657320872274143,1.0,3.0,573,9,0.03426791277258567,1.0
0.5487012987012987,0.19019533693790436,0.2154696136713028,0.24309392273426056,0.38121548295021057,0.5745856165885925,0.6022099256515503,0.6795579791069031,0.09466004371643066,0.04902784697912525,8.0,2.333333033654448,,turing,0.003496810090131852,198,198,169.82036804733727,93.18065649350649,171.0,135,0,151.0,155.0,180.0,11.647059440612793,direct255,1.0637236833572388,255,0,reference_turing_gray,0.9792315680166147,1.0,2.0,641,10,0.020768431983385256,2.0
0.5487012987012987,0.1876520961523056,0.21004566550254822,0.2602739632129669,0.35159817337989807,0.4840182662010193,0.5251141786575317,0.6575342416763306,0.08490312844514847,0.04902784697912525,8.0,2.2258066485687347,,turing,0.0,198,198,169.82036804733727,93.18065649350649,171.0,135,0,151.0,155.0,180.0,11.647059440612793,direct255,0.28866657614707947,255,0,reference_turing_gray,1.0,2.0,4.0,462,7,0.0,3.0
0.5487012987012987,0.24432528018951416,0.2626728117465973,0.33640554547309875,0.39170506596565247,0.52073734998703,0.5806451439857483,0.6866359710693359,0.08681260794401169,0.04902784697912525,8.0,2.4642856482948554,,turing,0.004508922921907614,198,198,169.82036804733727,93.18065649350649,171.0,135,0,151.0,155.0,180.0,11.647059440612793,direct255,0.47547048330307007,255,0,reference_turing_gray,0.9833852544132918,2.0,5.0,372,8,0.016614745586708203,4.0
0.5487012987012987,0.25995057821273804,0.277777761220932,0.347222238779068,0.39814814925193787,0.5138888955116272,0.5694444179534912,0.6898148655891418,0.08234794437885284,0.04902784697912525,8.0,2.4230764850357516,,turing,0.02740123274823356,198,198,169.82036804733727,93.18065649350649,171.0,135,0,151.0,155.0,180.0,11.647059440612793,direct255,1.2583599090576172,255,0,reference_turing_gray,0.9210799584631361,2.0,6.0,365,11,0.07892004153686397,5.0
0.5487012987012987,0.2359769493341446,0.25,0.3125,0.36057692766189575,0.4615384638309479,0.5144230723381042,0.629807710647583,0.07448923587799072,0.04902784697912525,8.0,2.391304207208708,,turing,0.04902784697912525,198,198,169.82036804733727,93.18065649350649,171.0,135,0,151.0,155.0,180.0,11.647059440612793,direct255,1.7649943828582764,255,0,reference_turing_gray,0.8650051921079959,1.0,5.0,442,13,0.13499480789200416,8.0
0.5487012987012987,0.248878613114357,0.26760563254356384,0.34272301197052,0.39436620473861694,0.5117371082305908,0.5586854219436646,0.6619718670845032,0.08621082454919815,0.04902784697912525,8.0,2.2962959566970165,,turing,0.017502925523841743,198,198,169.82036804733727,93.18065649350649,171.0,135,0,151.0,155.0,180.0,11.647059440612793,direct255,1.6423324346542358,255,0,reference_turing_gray,0.936656282450675,1.0,4.0,506,10,0.06334371754932502,12.0
0.5487012987012987,0.2488202452659607,0.26291078329086304,0.3474178612232208,0.39906105399131775,0.5117371082305908,0.5586854219436646,0.6619718670845032,0.08766929805278778,0.04902784697912525,8.0,2.172413151520922,,turing,0.004852325932710395,198,198,169.82036804733727,93.18065649350649,171.0,135,0,151.0,155.0,180.0,11.647059440612793,direct255,1.7974612712860107,255,0,reference_turing_gray,0.980269989615784,1.0,4.0,542,10,0.01973001038421599,20.0
0.5487012987012987,0.20161379873752594,0.22307690978050232,0.2461538463830948,0.39230766892433167,0.5384615063667297,0.5692307353019714,0.6461538076400757,0.08837084472179413,0.03201483527925427,4.0,2.0454545454545454,,turing,0.0,198,198,169.82036804733727,93.18065649350649,171.0,135,0,151.0,155.0,180.0,11.647059440612793,offset90,0.8346301317214966,198,90,reference_turing_gray,1.0,1.0,2.0,697,6,0.0,1.0
0.5487012987012987,0.2291114181280136,0.24712643027305603,0.3103448152542114,0.36206895112991333,0.4655172526836395,0.522988498210907,0.6666666269302368,0.07818212360143661,0.03201483527925427,4.0,2.4000001555681334,,turing,0.004316016224358195,198,198,169.82036804733727,93.18065649350649,171.0,135,0,151.0,155.0,180.0,11.647059440612793,offset90,0.2790113687515259,198,90,reference_turing_gray,0.9823468328141225,2.0,4.0,467,9,0.017653167185877467,2.0
0.5487012987012987,0.2454819232225418,0.2619047462940216,0.3095237910747528,0.357142835855484,0.4642857313156128,0.5178571343421936,0.636904776096344,0.0688646137714386,0.03201483527925427,4.0,2.687500234693303,,turing,0.021955648144446584,198,198,169.82036804733727,93.18065649350649,171.0,135,0,151.0,155.0,180.0,11.647059440612793,offset90,1.5944803953170776,198,90,reference_turing_gray,0.9231568016614745,1.0,4.0,498,11,0.07684319833852545,3.0
0.5487012987012987,0.2699490785598755,0.2875816822052002,0.33986926078796387,0.3856208920478821,0.4901960790157318,0.5359476804733276,0.6470587849617004,0.07279777526855469,0.03201483527925427,4.0,2.533333333333333,,turing,0.03201483527925427,198,198,169.82036804733727,93.18065649350649,171.0,135,0,151.0,155.0,180.0,11.647059440612793,offset90,1.3838452100753784,198,90,reference_turing_gray,0.8951194184839044,1.0,4.0,493,14,0.10488058151609553,4.0
0.5487012987012987,0.30097541213035583,0.3219178020954132,0.3904109299182892,0.4383561611175537,0.5547944903373718,0.602739691734314,0.7054794430732727,0.08604693412780762,0.03201483527925427,4.0,2.41176440476547,,turing,0.018608773853773415,198,198,169.82036804733727,93.18065649350649,171.0,135,0,151.0,155.0,180.0,11.647059440612793,offset90,1.0178018808364868,198,90,reference_turing_gray,0.9241952232606438,1.0,3.0,591,12,0.07580477673935618,5.0
0.5487012987012987,0.31813907623291016,0.34319525957107544,0.4082840383052826,0.4615384638309479,0.5739644765853882,0.615384578704834,0.7159762978553772,0.08832205832004547,0.03201483527925427,4.0,2.2999995718896713,,turing,0.009511118353657751,198,198,169.82036804733727,93.18065649350649,171.0,135,0,151.0,155.0,180.0,11.647059440612793,offset90,1.5499354600906372,198,90,reference_turing_gray,0.9480789200415368,1.0,2.0,681,11,0.05192107995846314,8.0
0.5487012987012987,0.2908833622932434,0.3085106313228607,0.3776595890522003,0.42553192377090454,0.5265957713127136,0.5691489577293396,0.6595744490623474,0.0827099159359932,0.03201483527925427,4.0,2.2272726693921916,,turing,0.003496810090131852,198,198,169.82036804733727,93.18065649350649,171.0,135,0,151.0,155.0,180.0,11.647059440612793,offset90,1.7556012868881226,198,90,reference_turing_gray,0.9792315680166147,1.0,2.0,700,12,0.020768431983385256,12.0
0.5487012987012987,0.3288425803184509,0.34408602118492126,0.4354838728904724,0.4838709831237793,0.5860214829444885,0.6236559152603149,0.7204301357269287,0.09471657127141953,0.03201483527925427,4.0,1.9999997867987946,,turing,0.0027646334319634813,198,198,169.82036804733727,93.18065649350649,171.0,135,0,151.0,155.0,180.0,11.647059440612793,offset90,2.189241886138916,198,90,reference_turing_gray,0.9833852544132918,1.0,2.0,680,8,0.016614745586708203,20.0
0.9999915584415584,0.23886053264141083,0.2181818187236786,0.35151514410972595,0.4121212065219879,0.539393961429596,0.5939393639564514,0.7090908885002136,0.08717994391918182,0.004179566062699959,8.0,1.9374999039573564,,perlin,0.0,255,255,120.83195215284285,120.83093214285714,120.0,1,0,38.0,60.0,185.0,15.0,direct255,1.404675006866455,255,0,reference_perlin_generated,1.0,1.0,2.0,720,4,0.0,1.0
0.9999915584415584,0.17309875786304474,0.1463414579629898,0.3048780560493469,0.3658536374568939,0.5182926654815674,0.5792682766914368,0.7134146094322205,0.09790787845849991,0.004179566062699959,8.0,1.9722223146186264,,perlin,0.0,255,255,120.83195215284285,120.83093214285714,120.0,1,0,38.0,60.0,185.0,15.0,direct255,1.0690642595291138,255,0,reference_perlin_generated,1.0,1.0,2.0,687,4,0.0,2.0
0.9999915584415584,0.1525040715932846,0.12918660044670105,0.27751195430755615,0.3349282443523407,0.46411484479904175,0.5167464017868042,0.636363685131073,0.09253931790590286,0.004179566062699959,8.0,1.8837207382179355,,perlin,0.0019215652022010652,255,255,120.83195215284285,120.83093214285714,120.0,1,0,38.0,60.0,185.0,15.0,direct255,0.6758962869644165,255,0,reference_perlin_generated,0.9906542056074766,1.0,3.0,600,9,0.009345794392523364,3.0
0.9999915584415584,0.1688985824584961,0.14772726595401764,0.3068181872367859,0.3636363744735718,0.4943181872367859,0.5511363744735718,0.6704545021057129,0.1004134863615036,0.004179566062699959,8.0,1.8684209817994721,,perlin,0.0017028820243074764,255,255,120.83195215284285,120.83093214285714,120.0,1,0,38.0,60.0,185.0,15.0,direct255,0.6194882988929749,255,0,reference_perlin_generated,0.9916926272066459,1.0,3.0,562,8,0.008307372793354102,4.0
0.9999915584415584,0.1849498450756073,0.16019418835639954,0.33009710907936096,0.3883495330810547,0.5242718458175659,0.5776699185371399,0.6990291476249695,0.10575409233570099,0.004179566062699959,8.0,1.8297872034712264,,perlin,0.0,255,255,120.83195215284285,120.83093214285714,120.0,1,0,38.0,60.0,185.0,15.0,direct255,0.6661971807479858,255,0,reference_perlin_generated,1.0,1.0,3.0,579,7,0.0,5.0
0.9999915584415584,0.20385517179965973,0.18433180451393127,0.34562212228775024,0.40092167258262634,0.5299538969993591,0.5806451439857483,0.6866359710693359,0.10442075878381729,0.004179566062699959,8.0,1.8297870671684406,,perlin,0.004179566062699959,255,255,120.83195215284285,120.83093214285714,120.0,1,0,38.0,60.0,185.0,15.0,direct255,1.0522396564483643,255,0,reference_perlin_generated,0.980269989615784,1.0,3.0,589,11,0.01973001038421599,8.0
0.9999915584415584,0.236390620470047,0.21717171370983124,0.3888888955116272,0.44949495792388916,0.5757575631141663,0.6262626051902771,0.7424242496490479,0.11153984814882278,0.004179566062699959,8.0,1.7608693992905755,,perlin,0.0017028820243074764,255,255,120.83195215284285,120.83093214285714,120.0,1,0,38.0,60.0,185.0,15.0,direct255,1.9287596940994263,255,0,reference_perlin_generated,0.9916926272066459,1.0,3.0,656,8,0.008307372793354102,12.0
0.9999915584415584,0.26150739192962646,0.2402234673500061,0.4189944267272949,0.4804469347000122,0.6089385151863098,0.6592178344726562,0.7597765326499939,0.11616163700819016,0.004179566062699959,8.0,1.7441858272413264,,perlin,0.001349502075839741,255,255,120.83195215284285,120.83093214285714,120.0,1,0,38.0,60.0,185.0,15.0,direct255,4.214226245880127,255,0,reference_perlin_generated,0.9916926272066459,1.0,2.0,676,8,0.008307372793354102,20.0
0.9999915584415584,0.1894393116235733,0.17482517659664154,0.28671327233314514,0.3496503531932831,0.4965035021305084,0.559440553188324,0.6958041787147522,0.08524368703365326,0.00908145165929844,8.0,2.199999931812287,,perlin,0.0,255,255,120.83195215284285,120.83093214285714,120.0,1,0,38.0,60.0,185.0,15.0,offset90,1.636116623878479,255,90,reference_perlin_generated,1.0,1.0,2.0,759,4,0.0,1.0
0.9999915584415584,0.18517695367336273,0.1794871687889099,0.2948717772960663,0.36538460850715637,0.5064102411270142,0.557692289352417,0.6858974099159241,0.09386289119720459,0.00908145165929844,8.0,2.0344826756986527,,perlin,0.005989697283419396,255,255,120.83195215284285,120.83093214285714,120.0,1,0,38.0,60.0,185.0,15.0,offset90,0.6401176452636719,255,90,reference_perlin_generated,0.9657320872274143,1.0,2.0,633,12,0.03426791277258567,2.0
0.9999915584415584,0.18490208685398102,0.17676767706871033,0.28787878155708313,0.3434343636035919,0.4595959484577179,0.5101010203361511,0.6111111044883728,0.08615721017122269,0.00908145165929844,8.0,1.999999821186087,,perlin,0.003947943051794915,255,255,120.83195215284285,120.83093214285714,120.0,1,0,38.0,60.0,185.0,15.0,offset90,0.5782173871994019,255,90,reference_perlin_generated,0.9813084112149533,1.0,3.0,600,9,0.018691588785046728,3.0
0.9999915584415584,0.207908496260643,0.20000000298023224,0.3166666626930237,0.37222224473953247,0.4833333492279053,0.5333333015441895,0.6388888955116272,0.08918602764606476,0.00908145165929844,8.0,1.935483449517674,,perlin,0.0019215652022010652,255,255,120.83195215284285,120.83093214285714,120.0,1,0,38.0,60.0,185.0,15.0,offset90,0.7089830040931702,255,90,reference_perlin_generated,0.9906542056074766,1.0,3.0,573,9,0.009345794392523364,4.0
0.9999915584415584,0.2161547690629959,0.21276596188545227,0.32446807622909546,0.37234044075012207,0.478723406791687,0.5265957713127136,0.6276595592498779,0.08748682588338852,0.00908145165929844,8.0,1.9666666728920403,,perlin,0.007809189222413084,255,255,120.83195215284285,120.83093214285714,120.0,1,0,38.0,60.0,185.0,15.0,offset90,0.9120189547538757,255,90,reference_perlin_generated,0.9646936656282451,1.0,3.0,613,9,0.035306334371754934,5.0
0.9999915584415584,0.287641316652298,0.2790697515010834,0.4244185984134674,0.4767441749572754,0.5931140780448914,0.6395348906517029,0.7558139562606812,0.10710632055997849,0.00908145165929844,8.0,1.8235294827127935,,perlin,0.00908145165929844,255,255,120.83195215284285,120.83093214285714,120.0,1,0,38.0,60.0,185.0,15.0,offset90,1.6237248182296753,255,90,reference_perlin_generated,0.9501557632398754,1.0,2.0,672,13,0.04984423676012461,8.0
0.9999915584415584,0.23872949182987213,0.22994652390480042,0.3529411852359772,0.3957219421863556,0.48663100600242615,0.51871657371521,0.6042780876159668,0.08738832175731659,0.00908145165929844,8.0,1.7419352808988764,,perlin,0.0,255,255,120.83195215284285,120.83093214285714,120.0,1,0,38.0,60.0,185.0,15.0,offset90,2.3512723445892334,255,90,reference_perlin_generated,1.0,1.0,2.0,736,7,0.0,12.0
0.9999915584415584,0.29871124029159546,0.284153014421463,0.45355191826820374,0.5081967115402222,0.6174863576889038,0.6612021923065186,0.751366138458252,0.11306081712245941,0.00908145165929844,8.0,1.6829269590440321,,perlin,0.0,255,255,120.83195215284285,120.83093214285714,120.0,1,0,38.0,60.0,185.0,15.0,offset90,2.865260362625122,255,90,reference_perlin_generated,1.0,1.0,2.0,713,7,0.0,20.0
0.009834090909090909,0.7183160185813904,0.7241379022598267,0.7643678188323975,0.7931034564971924,0.8390804529190063,0.8505747318267822,0.9080460071563721,0.054911501705646515,0.1548808587522585,2.0,1.8333330452443715,,voronoi_binary,0.0,205,205,205.0,2.0159886363636366,205.0,205,0,205.0,205.0,205.0,12.058823585510254,direct255,3.2755255699157715,255,0,reference_voronoi_binary,1.0,1.0,2.0,859,3,0.0,1.0
0.009834090909090909,0.6987617015838623,0.70652174949646,0.75,0.7771739363670349,0.842391312122345,0.8478261232376099,0.875,0.05507013201713562,0.1548808587522585,2.0,2.0,,voronoi_binary,0.1548808587522585,205,205,205.0,2.0159886363636366,205.0,205,0,205.0,205.0,205.0,12.058823585510254,direct255,2.704831838607788,255,0,reference_voronoi_binary,0.6319587628865979,1.0,3.0,442,51,0.3680412371134021,2.0
0.009834090909090909,0.6877430081367493,0.6968085169792175,0.75,0.7819148898124695,0.835106372833252,0.8404255509376526,0.8670212626457214,0.061220817267894745,0.1548808587522585,2.0,1.6875003501773298,,voronoi_binary,0.02458309475516219,205,205,205.0,2.0159886363636366,205.0,205,0,205.0,205.0,205.0,12.058823585510254,direct255,2.052107810974121,255,0,reference_voronoi_binary,0.9044652128764278,1.0,3.0,571,11,0.09553478712357218,3.0
0.009834090909090909,0.6764118671417236,0.6830601096153259,0.7377049326896667,0.7704918384552002,0.8306010961532593,0.8360655903816223,0.8579235076904297,0.06302740424871445,0.1548808587522585,2.0,1.7499994887041104,,voronoi_binary,0.15313031418799763,205,205,205.0,2.0159886363636366,205.0,205,0,205.0,205.0,205.0,12.058823585510254,direct255,1.5262137651443481,255,0,reference_voronoi_binary,0.7088477366255144,1.0,6.0,386,29,0.2911522633744856,4.0
0.009834090909090909,0.6806583404541016,0.6875,0.7447916865348816,0.78125,0.8333333730697632,0.84375,0.875,0.06584858149290085,0.1548808587522585,2.0,1.6666666666666667,,voronoi_binary,0.024257010963273515,205,205,205.0,2.0159886363636366,205.0,205,0,205.0,205.0,205.0,12.058823585510254,direct255,1.2261353731155396,255,0,reference_voronoi_binary,0.9055036344755971,1.0,3.0,554,11,0.09449636552440291,5.0
0.009834090909090909,0.6715647578239441,0.6800000071525574,0.7400000095367432,0.7700000405311584,0.8299999833106995,0.8350000381469727,0.8700000047683716,0.06777548044919968,0.1548808587522585,2.0,1.7222219278784066,,voronoi_binary,0.04808742187713828,205,205,205.0,2.0159886363636366,205.0,205,0,205.0,205.0,205.0,12.058823585510254,direct255,0.7974603772163391,255,0,reference_voronoi_binary,0.8555211558307534,1.0,4.0,517,32,0.14447884416924664,8.0
0.009834090909090909,0.6699773669242859,0.6778846383094788,0.7355769276618958,0.7692307829856873,0.8269230723381042,0.8365384936332703,0.870192289352417,0.07055690884590149,0.1548808587522585,2.0,1.7368423800059247,,voronoi_binary,0.07772735100880371,205,205,205.0,2.0159886363636366,205.0,205,0,205.0,205.0,205.0,12.058823585510254,direct255,0.5214370489120483,255,0,reference_voronoi_binary,0.7933541017653167,1.0,4.0,471,22,0.2066458982346833,12.0
0.009834090909090909,0.6716054677963257,0.6774193644523621,0.746543824672699,0.7741935849189758,0.8294931054115295,0.843317985534668,0.8801843523979187,0.07603414356708527,0.1548808587522585,2.0,1.7142852743467918,,voronoi_binary,0.12985731464077027,205,205,205.0,2.0159886363636366,205.0,205,0,205.0,205.0,205.0,12.058823585510254,direct255,0.3295101821422577,255,0,reference_voronoi_binary,0.7248182762201454,1.0,5.0,393,24,0.2751817237798546,20.0
0.009834090909090909,0.7183160185813904,0.7241379022598267,0.7643678188323975,0.7931034564971924,0.8390804529190063,0.8505747318267822,0.9080460071563721,0.054911501705646515,0.1548808587522585,2.0,1.8333330452443715,,voronoi_binary,0.0,205,205,205.0,2.0159886363636366,205.0,205,0,205.0,205.0,205.0,12.058823585510254,offset90,3.2755255699157715,205,90,reference_voronoi_binary,1.0,1.0,2.0,859,3,0.0,1.0
0.009834090909090909,0.6987617015838623,0.70652174949646,0.75,0.7771739363670349,0.842391312122345,0.8478261232376099,0.875,0.05507013201713562,0.1548808587522585,2.0,2.0,,voronoi_binary,0.1548808587522585,205,205,205.0,2.0159886363636366,205.0,205,0,205.0,205.0,205.0,12.058823585510254,offset90,2.704831838607788,205,90,reference_voronoi_binary,0.6319587628865979,1.0,3.0,442,51,0.3680412371134021,2.0
0.009834090909090909,0.6877430081367493,0.6968085169792175,0.75,0.7819148898124695,0.835106372833252,0.8404255509376526,0.8670212626457214,0.061220817267894745,0.1548808587522585,2.0,1.6875003501773298,,voronoi_binary,0.02458309475516219,205,205,205.0,2.0159886363636366,205.0,205,0,205.0,205.0,205.0,12.058823585510254,offset90,2.052107810974121,205,90,reference_voronoi_binary,0.9044652128764278,1.0,3.0,571,11,0.09553478712357218,3.0
0.009834090909090909,0.6764118671417236,0.6830601096153259,0.7377049326896667,0.7704918384552002,0.8306010961532593,0.8360655903816223,0.8579235076904297,0.06302740424871445,0.1548808587522585,2.0,1.7499994887041104,,voronoi_binary,0.15313031418799763,205,205,205.0,2.0159886363636366,205.0,205,0,205.0,205.0,205.0,12.058823585510254,offset90,1.5262137651443481,205,90,reference_voronoi_binary,0.7088477366255144,1.0,6.0,386,29,0.2911522633744856,4.0
0.009834090909090909,0.6806583404541016,0.6875,0.7447916865348816,0.78125,0.8333333730697632,0.84375,0.875,0.06584858149290085,0.1548808587522585,2.0,1.6666666666666667,,voronoi_binary,0.024257010963273515,205,205,205.0,2.0159886363636366,205.0,205,0,205.0,205.0,205.0,12.058823585510254,offset90,1.2261353731155396,205,90,reference_voronoi_binary,0.9055036344755971,1.0,3.0,554,11,0.09449636552440291,5.0
0.009834090909090909,0.6715647578239441,0.6800000071525574,0.7400000095367432,0.7700000405311584,0.8299999833106995,0.8350000381469727,0.8700000047683716,0.06777548044919968,0.1548808587522585,2.0,1.7222219278784066,,voronoi_binary,0.04808742187713828,205,205,205.0,2.0159886363636366,205.0,205,0,205.0,205.0,205.0,12.058823585510254,offset90,0.7974603772163391,205,90,reference_voronoi_binary,0.8555211558307534,1.0,4.0,517,32,0.14447884416924664,8.0
0.009834090909090909,0.6699773669242859,0.6778846383094788,0.7355769276618958,0.7692307829856873,0.8269230723381042,0.8365384936332703,0.870192289352417,0.07055690884590149,0.1548808587522585,2.0,1.7368423800059247,,voronoi_binary,0.07772735100880371,205,205,205.0,2.0159886363636366,205.0,205,0,205.0,205.0,205.0,12.058823585510254,offset90,0.5214370489120483,205,90,reference_voronoi_binary,0.7933541017653167,1.0,4.0,471,22,0.2066458982346833,12.0
0.009834090909090909,0.6716054677963257,0.6774193644523621,0.746543824672699,0.7741935849189758,0.8294931054115295,0.843317985534668,0.8801843523979187,0.07603414356708527,0.1548808587522585,2.0,1.7142852743467918,,voronoi_binary,0.12985731464077027,205,205,205.0,2.0159886363636366,205.0,205,0,205.0,205.0,205.0,12.058823585510254,offset90,0.3295101821422577,205,90,reference_voronoi_binary,0.7248182762201454,1.0,5.0,393,24,0.2751817237798546,20.0
0.03295097402597403,0.6040776371955872,0.6134020686149597,0.6597938537597656,0.701030969619751,0.7835052013397217,0.8092783689498901,0.8556700944900513,0.0694878101348877,0.011729958624883945,20.0,2.2352933574303364,,turing_binary,0.0,205,205,205.0,6.754949675324675,205.0,205,0,205.0,205.0,205.0,12.058823585510254,direct255,6.066441059112549,255,0,reference_turing_binary,1.0,1.0,2.0,852,3,0.0,1.0
0.03295097402597403,0.5572903156280518,0.5677083134651184,0.6458333134651184,0.6822916865348816,0.75,0.7760416865348816,0.8333333730697632,0.07443394511938095,0.011729958624883945,20.0,1.8181815344441035,,turing_binary,0.0,205,205,205.0,6.754949675324675,205.0,205,0,205.0,205.0,205.0,12.058823585510254,direct255,4.662569999694824,255,0,reference_turing_binary,1.0,1.0,2.0,769,4,0.0,2.0
0.03295097402597403,0.5316727161407471,0.5400000214576721,0.6200000047683716,0.6600000262260437,0.7300000190734863,0.7599999904632568,0.8199999928474426,0.07298626750707626,0.011729958624883945,20.0,1.8333330021964311,,turing_binary,0.0,205,205,205.0,6.754949675324675,205.0,205,0,205.0,205.0,205.0,12.058823585510254,direct255,4.380080699920654,255,0,reference_turing_binary,1.0,1.0,2.0,731,4,0.0,3.0
0.03295097402597403,0.5060781240463257,0.5169082283973694,0.5845410823822021,0.6231884360313416,0.7004831433296204,0.7342995405197144,0.8019323945045471,0.07074732333421707,0.011729958624883945,20.0,2.04545434151802,,turing_binary,0.0,205,205,205.0,6.754949675324675,205.0,205,0,205.0,205.0,205.0,12.058823585510254,direct255,3.728750705718994,255,0,reference_turing_binary,1.0,1.0,3.0,653,6,0.0,4.0
0.03295097402597403,0.5041746497154236,0.5164319276809692,0.5868544578552246,0.6244131922721863,0.7089201807975769,0.7323943972587585,0.8075117468833923,0.07211180031299591,0.011729958624883945,20.0,1.999999448009384,,turing_binary,0.0,205,205,205.0,6.754949675324675,205.0,205,0,205.0,205.0,205.0,12.058823585510254,direct255,3.9800925254821777,255,0,reference_turing_binary,1.0,1.0,3.0,609,6,0.0,5.0
0.03295097402597403,0.5155031681060791,0.5270935893058777,0.5960590839385986,0.6305419206619263,0.7044335007667542,0.7339901924133301,0.807881772518158,0.07312316447496414,0.011729958624883945,20.0,1.9999994238220762,,turing_binary,0.006497309491941938,205,205,205.0,6.754949675324675,205.0,205,0,205.0,205.0,205.0,12.058823585510254,direct255,4.050570487976074,255,0,reference_turing_binary,0.9740394600207685,1.0,4.0,520,9,0.02596053997923157,8.0
0.03295097402597403,0.530070424079895,0.5402843356132507,0.6161137819290161,0.6492891311645508,0.7203791737556458,0.7488151788711548,0.8104265332221985,0.07723523676395416,0.011729958624883945,20.0,1.9130428363563587,,turing_binary,0.0021415423633957997,205,205,205.0,6.754949675324675,205.0,205,0,205.0,205.0,205.0,12.058823585510254,direct255,2.3302862644195557,255,0,reference_turing_binary,0.9896157840083074,1.0,3.0,648,10,0.010384215991692628,12.0
0.03295097402597403,0.5351365804672241,0.5432692170143127,0.634615421295166,0.6730769276618958,0.75,0.7788461446762085,0.8413461446762085,0.0874633714556694,0.011729958624883945,20.0,1.8148145937298537,,turing_binary,0.011729958624883945,205,205,205.0,6.754949675324675,205.0,205,0,205.0,205.0,205.0,12.058823585510254,direct255,1.0365517139434814,255,0,reference_turing_binary,0.9491173416407062,1.0,3.0,591,16,0.05088265835929388,20.0
0.03295097402597403,0.6040776371955872,0.6134020686149597,0.6597938537597656,0.701030969619751,0.7835052013397217,0.8092783689498901,0.8556700944900513,0.0694878101348877,0.011729958624883945,20.0,2.2352933574303364,,turing_binary,0.0,205,205,205.0,6.754949675324675,205.0,205,0,205.0,205.0,205.0,12.058823585510254,offset90,6.066441059112549,205,90,reference_turing_binary,1.0,1.0,2.0,852,3,0.0,1.0
0.03295097402597403,0.5572903156280518,0.5677083134651184,0.6458333134651184,0.6822916865348816,0.75,0.7760416865348816,0.8333333730697632,0.07443394511938095,0.011729958624883945,20.0,1.8181815344441035,,turing_binary,0.0,205,205,205.0,6.754949675324675,205.0,205,0,205.0,205.0,205.0,12.058823585510254,offset90,4.662569999694824,205,90,reference_turing_binary,1.0,1.0,2.0,769,4,0.0,2.0
0.03295097402597403,0.5316727161407471,0.5400000214576721,0.6200000047683716,0.6600000262260437,0.7300000190734863,0.7599999904632568,0.8199999928474426,0.07298626750707626,0.011729958624883945,20.0,1.8333330021964311,,turing_binary,0.0,205,205,205.0,6.754949675324675,205.0,205,0,205.0,205.0,205.0,12.058823585510254,offset90,4.380080699920654,205,90,reference_turing_binary,1.0,1.0,2.0,731,4,0.0,3.0
0.03295097402597403,0.5060781240463257,0.5169082283973694,0.5845410823822021,0.6231884360313416,0.7004831433296204,0.7342995405197144,0.8019323945045471,0.07074732333421707,0.011729958624883945,20.0,2.04545434151802,,turing_binary,0.0,205,205,205.0,6.754949675324675,205.0,205,0,205.0,205.0,205.0,12.058823585510254,offset90,3.728750705718994,205,90,reference_turing_binary,1.0,1.0,3.0,653,6,0.0,4.0
0.03295097402597403,0.5041746497154236,0.5164319276809692,0.5868544578552246,0.6244131922721863,0.7089201807975769,0.7323943972587585,0.8075117468833923,0.07211180031299591,0.011729958624883945,20.0,1.999999448009384,,turing_binary,0.0,205,205,205.0,6.754949675324675,205.0,205,0,205.0,205.0,205.0,12.058823585510254,offset90,3.9800925254821777,205,90,reference_turing_binary,1.0,1.0,3.0,609,6,0.0,5.0
0.03295097402597403,0.5155031681060791,0.5270935893058777,0.5960590839385986,0.6305419206619263,0.7044335007667542,0.7339901924133301,0.807881772518158,0.07312316447496414,0.011729958624883945,20.0,1.9999994238220762,,turing_binary,0.006497309491941938,205,205,205.0,6.754949675324675,205.0,205,0,205.0,205.0,205.0,12.058823585510254,offset90,4.050570487976074,205,90,reference_turing_binary,0.9740394600207685,1.0,4.0,520,9,0.02596053997923157,8.0
0.03295097402597403,0.530070424079895,0.5402843356132507,0.6161137819290161,0.6492891311645508,0.7203791737556458,0.7488151788711548,0.8104265332221985,0.07723523676395416,0.011729958624883945,20.0,1.9130428363563587,,turing_binary,0.0021415423633957997,205,205,205.0,6.754949675324675,205.0,205,0,205.0,205.0,205.0,12.058823585510254,offset90,2.3302862644195557,205,90,reference_turing_binary,0.9896157840083074,1.0,3.0,648,10,0.010384215991692628,12.0
0.03295097402597403,0.5351365804672241,0.5432692170143127,0.634615421295166,0.6730769276618958,0.75,0.7788461446762085,0.8413461446762085,0.0874633714556694,0.011729958624883945,20.0,1.8148145937298537,,turing_binary,0.011729958624883945,205,205,205.0,6.754949675324675,205.0,205,0,205.0,205.0,205.0,12.058823585510254,offset90,1.0365517139434814,205,90,reference_turing_binary,0.9491173416407062,1.0,3.0,591,16,0.05088265835929388,20.0
