name,z_mm,radius_um,focal_mm,count_requested,count_actual,height_max_um,gray_max,active_frac,r_px_mean,focal_mm_mean,amp_mean,amp_std,amp_p90,amp_p95,amp_p99,amp_p995,amp_p999,amp_p50,contrast_p995_over_p95,top_component_count,top_component_area_p50,top_component_area_p90,top_component_max_area,top_large_component_frac,hf_ratio,speckle_penalty,focus_structure_score,p999_over_mean
single_R200_f3p0,0.5,200,3.0,,1,11.94723892211914,203,0.005578246753246753,74.0740737915039,3.0,0.7175281047821045,0.03592904657125473,0.719298243522644,0.719298243522644,0.7982456088066101,0.7982456088066101,0.9210526347160339,0.719298243522644,78947.36528396606,9,340.0,569.0,685,0.9918864097363083,0.5299065113067627,0.008113590263691739,2.9817444219066935,1.283646770875595
single_R200_f3p0,1.0,200,3.0,,1,11.94723892211914,203,0.005578246753246753,74.0740737915039,3.0,0.5405753254890442,0.037279196083545685,0.5462185144424438,0.5462185144424438,0.6092437505722046,0.6092437505722046,0.8907563090324402,0.542016863822937,16.000113488055383,47,1.0,133.99999999999955,526,0.9649910233393177,0.26715806126594543,0.035008976660682256,2.398347327416177,1.6477931326713748
single_R200_f3p0,1.5,200,3.0,,1,11.94723892211914,203,0.005578246753246753,74.0740737915039,3.0,0.388899028301239,0.03304601088166237,0.39344263076782227,0.39344263076782227,0.4549180269241333,0.4549180269241333,0.8565573692321777,0.3893442749977112,16.000014543550662,25,4.0,326.0,526,0.9781203381402287,0.18955591320991516,0.021879661859771304,2.9276318789937226,2.2025186665385372
single_R200_f3p0,2.0,200,3.0,,1,11.94723892211914,203,0.005578246753246753,74.0740737915039,3.0,0.2516080439090729,0.024268994107842445,0.2531120181083679,0.25726139545440674,0.28630706667900085,0.2987551987171173,0.30290457606315613,0.2531120181083679,11.000007182360124,17,3.0,412.00000000000006,532,0.9851851851851852,0.11596740037202835,0.009544642005928274,2.800885228896675,1.2038747702860446
single_R200_f3p0,2.5,200,3.0,,1,11.94723892211914,203,0.005578246753246753,74.0740737915039,3.0,0.12283649295568466,0.013320396654307842,0.12865497171878815,0.12865497171878815,0.14035087823867798,0.1461988240480423,0.1461988240480423,0.12280701845884323,3.9999987259507273,34,2.0,252.1999999999998,538,0.9647058823529412,0.14306135475635529,0.028051246030657888,2.5787158460702044,1.1901904762193594
single_R200_f3p0,3.0,200,3.0,,1,11.94723892211914,203,0.005578246753246753,74.0740737915039,3.0,0.05857112258672714,0.005336362402886152,0.05882352963089943,0.05882352963089943,0.0784313753247261,0.0784313753247261,0.0784313753247261,0.05882352963089943,19607.845693826675,9,15.0,558.0,558,1.0,0.6671143174171448,0.0,3.0,1.3390792571645111
single_R200_f3p0,4.0,200,3.0,,1,11.94723892211914,203,0.005578246753246753,74.0740737915039,3.0,0.28304073214530945,0.02390419691801071,0.2890995144844055,0.29383885860443115,0.3222748935222626,0.33175355195999146,0.33175355195999146,0.28436020016670227,5.000006288299676,33,1.0,249.60000000000008,476,0.9716981132075472,0.06456608325242996,0.010151899882457538,2.9513124326702034,1.1721053342586518
single_R200_f3p0,5.0,200,3.0,,1,11.94723892211914,203,0.005578246753246753,74.0740737915039,3.0,0.5348755121231079,0.037097714841365814,0.5384615063667297,0.5538461208343506,0.6205127835273743,0.6205127835273743,0.8307692408561707,0.5384615063667297,5.333333333333333,73,2.0,6.0,462,0.9127416955875062,0.10868749022483826,0.05268825615482713,0.9844536001755853,1.5532011132058694
single_R200_f3p0,8.0,200,3.0,,1,11.94723892211914,203,0.005578246753246753,74.0740737915039,3.0,0.7260397672653198,0.05086985230445862,0.7409638166427612,0.7710843682289124,0.8554217219352722,0.8554217219352722,0.9096385836601257,0.7289156317710876,2.9999971730409882,137,2.0,7.0,422,0.8676028084252758,0.13098394870758057,0.09634392750139661,0.9658939342428913,1.2528770801168976
single_R200_f3p0,10.0,200,3.0,,1,11.94723892211914,203,0.005578246753246753,74.0740737915039,3.0,0.7220115065574646,0.0600552000105381,0.7554348111152649,0.7663043737411499,0.85326087474823,0.85326087474823,0.9130434989929199,0.72826087474823,3.2857124951430756,260,2.0,6.0,386,0.6791845493562232,0.16294996440410614,0.29042703479272614,0.5965566137049317,1.2645830304648353
single_R200_f3p0,12.0,200,3.0,,1,11.94723892211914,203,0.005578246753246753,74.0740737915039,3.0,0.7240239381790161,0.06116221845149994,0.7540983557701111,0.7786885499954224,0.8565573692321777,0.8565573692321777,0.9098360538482666,0.7295082211494446,2.583332626356033,323,1.0,4.0,338,0.6830601092896175,0.14447440207004547,0.25438722890293375,0.5133678837594711,1.2566380831780015
single_R200_f3p0,15.0,200,3.0,,1,11.94723892211914,203,0.005578246753246753,74.0740737915039,3.0,0.7216596603393555,0.06700495630502701,0.7540322542190552,0.7903226017951965,0.8548387289047241,0.8548387289047241,0.9233871102333069,0.7298387289047241,2.066666600969105,341,2.0,5.0,20,0.28557013118062563,0.14304372668266296,0.5677483938296075,0.15814474072002208,1.2795326675168326
single_R200_f3p0,20.0,200,3.0,,1,11.94723892211914,203,0.005578246753246753,74.0740737915039,3.0,0.7199060916900635,0.07039515674114227,0.7637795209884644,0.7913386225700378,0.8543307185173035,0.8582677245140076,0.9035432934761047,0.7283464670181274,2.0624989946377528,372,1.0,5.0,26,0.35269709543568467,0.1273234635591507,0.4578713765612611,0.22096429513199153,1.2550849394188783
array_R110_f2p2,0.5,110,2.2,300,360,14.37694263458252,244,0.4795487012987013,40.49881362915039,2.183223247528076,0.6102670431137085,0.1913488507270813,0.8514851331710815,0.8712871670722961,0.905940592288971,0.9158415794372559,0.9356435537338257,0.6386138796806335,1.1914891600339172,496,1.0,3.0,36,0.2564901349948079,0.1541692167520523,0.636812964084859,0.07764911420684997,1.5331707066466822
array_R110_f2p2,1.0,110,2.2,300,360,14.37694263458252,244,0.4795487012987013,40.49881362915039,2.183223247528076,0.3385709822177887,0.1737857609987259,0.6318407654762268,0.7164179086685181,0.8109452724456787,0.8358209133148193,0.8805969953536987,0.3781094551086426,1.3529412386532893,342,1.0,5.0,48,0.43302180685358255,0.04896184056997299,0.15422386610825695,0.3959491329215656,2.600922824470666
array_R110_f2p2,1.5,110,2.2,300,360,14.37694263458252,244,0.4795487012987013,40.49881362915039,2.183223247528076,0.13797447085380554,0.09837120026350021,0.18518519401550293,0.24867725372314453,0.5714285373687744,0.6560846567153931,0.8042328357696533,0.15343914926052094,5.277777317083589,183,3.0,12.800000000000011,37,0.5991692627206646,0.06794372946023941,0.15129963985030814,0.8045437217780305,5.8288524738884435
array_R110_f2p2,2.0,110,2.2,300,360,14.37694263458252,244,0.4795487012987013,40.49881362915039,2.183223247528076,0.037168629467487335,0.030694331973791122,0.051948051899671555,0.051948051899671555,0.12987013161182404,0.22077922523021698,0.4025973975658417,0.03896103799343109,13.999999426305335,336,2.0,6.0,17,0.18899273104880582,0.590724527835846,0.8110072689511942,0.08313911087000496,10.831644947199555
array_R110_f2p2,2.5,110,2.2,300,360,14.37694263458252,244,0.4795487012987013,40.49881362915039,2.183223247528076,0.038740213960409164,0.030099641531705856,0.0555555559694767,0.0555555559694767,0.1666666716337204,0.21296297013759613,0.3611111342906952,0.03703703731298447,9.500000301748512,279,2.0,7.0,26,0.245067497403946,0.3654128611087799,0.754932502596054,0.12757251967663352,9.321351055513924
array_R110_f2p2,3.0,110,2.2,300,360,14.37694263458252,244,0.4795487012987013,40.49881362915039,2.183223247528076,0.10254910588264465,0.06576104462146759,0.13903743028640747,0.2085561603307724,0.3636363744735718,0.4385026693344116,0.6096256375312805,0.10695187002420425,3.263157474057712,153,5.0,12.0,37,0.6469366562824507,0.05666857957839966,0.11115332327596565,0.8777513864657658,5.9447191887652835
array_R110_f2p2,4.0,110,2.2,300,360,14.37694263458252,244,0.4795487012987013,40.49881362915039,2.183223247528076,0.32478275895118713,0.11091150343418121,0.43352600932121277,0.5028901696205139,0.6531791687011719,0.7052022814750671,0.7861272096633911,0.34682080149650574,2.2962960911958192,293,2.0,7.0,28,0.40498442367601245,0.10971099883317947,0.36266529555447,0.3537948922745389,2.420470877832346
array_R110_f2p2,5.0,110,2.2,300,360,14.37694263458252,244,0.4795487012987013,40.49881362915039,2.183223247528076,0.3738950788974762,0.09134264290332794,0.4739583432674408,0.4947916567325592,0.5520833134651184,0.5833333134651184,0.65625,0.390625,1.8499999856948839,450,1.0,4.0,66,0.26687435098650053,0.4300774335861206,0.7331256490134994,0.11157795789479855,1.755171536183676
array_R110_f2p2,8.0,110,2.2,300,360,14.37694263458252,244,0.4795487012987013,40.49881362915039,2.183223247528076,0.3698009252548218,0.12561951577663422,0.541176438331604,0.5882352590560913,0.6705881953239441,0.6941176056861877,0.7529411911964417,0.3588235080242157,1.4615384615384615,810,1.0,2.0,5,0.0,0.6222434639930725,1.0,0.0,2.036071680127913
array_R110_f2p2,10.0,110,2.2,300,360,14.37694263458252,244,0.4795487012987013,40.49881362915039,2.183223247528076,0.401432067155838,0.13865463435649872,0.59375,0.6499999761581421,0.7374999523162842,0.7687499523162842,0.8375000357627869,0.38749998807907104,1.4523808820988284,860,1.0,1.0,4,0.0,0.759406566619873,1.0,0.0,2.086280853685924
array_R110_f2p2,12.0,110,2.2,300,360,14.37694263458252,244,0.4795487012987013,40.49881362915039,2.183223247528076,0.38588985800743103,0.13528263568878174,0.5766870975494385,0.6319018006324768,0.7239263653755188,0.7607361674308777,0.8220859169960022,0.3680981397628784,1.488372171840653,847,1.0,2.0,5,0.0,0.8490216732025146,1.0,0.0,2.1303641439059833
array_R110_f2p2,15.0,110,2.2,300,360,14.37694263458252,244,0.4795487012987013,40.49881362915039,2.183223247528076,0.38039788603782654,0.13475573062896729,0.5714285373687744,0.625,0.726190447807312,0.7559523582458496,0.8214285969734192,0.363095223903656,1.4999998862093207,822,1.0,2.0,5,0.0,0.8959280252456665,1.0,0.0,2.1593931699497846
array_R110_f2p2,20.0,110,2.2,300,360,14.37694263458252,244,0.4795487012987013,40.49881362915039,2.183223247528076,0.37065252661705017,0.1336856633424759,0.5562130212783813,0.615384578704834,0.7159762978553772,0.7514792680740356,0.8224852085113525,0.3550295829772949,1.5227273976014828,766,1.0,2.0,6,0.0,0.9084368348121643,1.0,0.0,2.2190195653546043
